{"loss":{"0":0.497505188,"1":0.5206590295,"2":0.5043551922,"3":0.4943599999,"4":0.4904677272,"5":0.5021460652,"6":0.4851744771,"7":0.4793456197,"8":0.4915327132,"9":0.468629986,"10":0.4841765463,"11":0.4751560688,"12":0.4473935068,"13":0.4517860115,"14":0.4605323076,"15":0.4466470182,"16":0.4262469709,"17":0.4396697581,"18":0.4248420894,"19":0.4290326834,"20":0.4224662185,"21":0.4128966928,"22":0.4077210128,"23":0.4210377336,"24":0.3942686021,"25":0.4067192972,"26":0.3927708864,"27":0.3785344958,"28":0.4144701958,"29":0.4013950527,"30":0.3601750135,"31":0.4487749338,"32":0.4093491137,"33":0.4018209279,"34":0.3788816333,"35":0.3675587475,"36":0.3980543315,"37":0.3974414468,"38":0.377215296,"39":0.3935251832,"40":0.3836529553,"41":0.3563613296,"42":0.3803899586,"43":0.3813862205,"44":0.3556276858,"45":0.4091015756,"46":0.3792465329,"47":0.3555916846,"48":0.3608795106,"49":0.3583985269},"accuracy":{"0":0.7492182851,"1":0.7260788083,"2":0.7448405027,"3":0.7448405027,"4":0.7473421097,"5":0.7423389554,"6":0.7585991025,"7":0.7673546076,"8":0.7529706359,"9":0.7642276287,"10":0.7654784322,"11":0.7748593092,"12":0.7842401266,"13":0.7629768848,"14":0.7742338777,"15":0.7779862285,"16":0.7942463756,"17":0.788617909,"18":0.7923702598,"19":0.7898686528,"20":0.8005003333,"21":0.8080049753,"22":0.8036272526,"23":0.8005003333,"24":0.8105065823,"25":0.7917448282,"26":0.8036272526,"27":0.8161351085,"28":0.804878056,"29":0.805503428,"30":0.824890554,"31":0.7936210036,"32":0.8073796034,"33":0.8061288595,"34":0.8186366558,"35":0.8255159259,"36":0.8117573261,"37":0.8161351085,"38":0.8323952556,"39":0.8092557788,"40":0.8155096769,"41":0.8236397505,"42":0.8323952556,"43":0.8161351085,"44":0.841150701,"45":0.8023765087,"46":0.8167604804,"47":0.8305190802,"48":0.8286429048,"49":0.8317698836},"val_loss":{"0":0.5352991223,"1":0.6286939383,"2":0.5694874525,"3":0.5448933244,"4":0.5526176691,"5":0.5890606046,"6":0.5412796736,"7":0.5170255899,"8":0.5893938541,"9":0.531683445,"10":0.6033147573,"11":0.5229300857,"12":0.5351819992,"13":0.5490214825,"14":0.5796805024,"15":0.467870146,"16":0.5221836567,"17":0.4668412507,"18":0.4977194965,"19":0.472209841,"20":0.4681840539,"21":0.5989778042,"22":0.5075135827,"23":0.5077201724,"24":0.4733338654,"25":0.5121656656,"26":0.4782244861,"27":0.5699422359,"28":0.4551261663,"29":0.4539183378,"30":0.4754701257,"31":0.5818611383,"32":0.4887001514,"33":0.4770317376,"34":0.509021759,"35":0.5405979753,"36":0.4854166806,"37":0.5183810592,"38":0.5343228579,"39":0.5011257529,"40":0.4640370607,"41":0.569335103,"42":0.5472704172,"43":0.5510171056,"44":0.5203988552,"45":0.6297557354,"46":0.4984696507,"47":0.586761415,"48":0.5755259991,"49":0.516156733},"val_accuracy":{"0":0.7325000167,"1":0.7099999785,"2":0.7275000215,"3":0.7300000191,"4":0.7024999857,"5":0.7124999762,"6":0.7400000095,"7":0.7275000215,"8":0.7325000167,"9":0.7450000048,"10":0.7174999714,"11":0.7375000119,"12":0.7174999714,"13":0.7549999952,"14":0.7225000262,"15":0.7724999785,"16":0.7425000072,"17":0.7724999785,"18":0.7649999857,"19":0.7699999809,"20":0.8050000072,"21":0.75,"22":0.7724999785,"23":0.7649999857,"24":0.7900000215,"25":0.7875000238,"26":0.7674999833,"27":0.7674999833,"28":0.7699999809,"29":0.7749999762,"30":0.7850000262,"31":0.75,"32":0.75,"33":0.7549999952,"34":0.7900000215,"35":0.7624999881,"36":0.7649999857,"37":0.7749999762,"38":0.7674999833,"39":0.7674999833,"40":0.7875000238,"41":0.7774999738,"42":0.7674999833,"43":0.7674999833,"44":0.7549999952,"45":0.7549999952,"46":0.7674999833,"47":0.7450000048,"48":0.7649999857,"49":0.7699999809}}